Time,TANH,PWL
-20,2,2
-19,2,2
-18,2,2
-17,2,2
-16,2,2
-15,2,2
-14,2,2
-13,2,2
-12,2,2
-11,2,2
-10,2,2
-9,2,2
-8,1.99999,2
-7,1.99993,2
-6,1.99951,2
-5,1.99636,2
-4,1.97323,2
-3,1.8103,2
-2,0.924234,1
-1,-0.924234,-1
0,-1.8103,-2
1,-1.97323,-2
2,-1.99636,-2
3,-1.99951,-2
4,-1.99993,-2
5,-1.99999,-2
6,-2,-2
7,-2,-2
8,-2,-2
9,-2,-2
10,-2,-2
11,-2,-2
12,-2,-2
13,-2,-2
14,-2,-2
15,-2,-2
16,-2,-2
17,-2,-2
18,-2,-2
19,-2,-2
20,-2,-2
