Time,Voltage,
0,-1.88889 "
1,-1.79012 "
2,-1.70233 "
3,-1.6243 "
4,-1.55493 "
5,-1.49327 "
6,-1.43846 "
7,-1.38974 "
8,-1.34644 "
